,,,WisdomAI,,,,Snowflake Intelligence,,Databricks Genie,,Microsoft Power BI,,Sigma Computing,,Omni,,HEX,
,,,120,,,,116,,134,,159,,143,,139,,121,
Category,Feature,What,Description,Score,Product Readiness,Expected Date,Description,Score,Description,Score,Description,Score,Description,Score,Description,Score,Description,Score
Data Connectivity & Integration,,"Data source connections, live queries, and warehouse integration",17%,20,,,16%,19,16%,22,17%,27,17%,25,19%,26,17%,20
,Cloud Data Warehouse Support,"Native connectivity to Snowflake, BigQuery, Redshift, Databricks",Multi-warehouse connectivity with unified query layer,4,,,Snowflake-native only; deep integration with Snowflake Data Cloud,3,"Unity Catalog-registered data; AWS, Azure, GCP warehouses",4,300+ connectors; Fabric Lakehouse native integration,5,"Snowflake, BigQuery, Redshift, Databricks, PostgreSQL, MySQL, SQL Server",5,"Redshift, BigQuery, Snowflake, Databricks, MySQL, Postgres, SQL Server",5,"Snowflake, Redshift, BigQuery primary; limited breadth",3
,Live Data / Direct Query,Query data warehouse directly without copying or extracting data,Direct warehouse queries with intelligent caching,4,,,Queries run natively in Snowflake; no data movement,5,Queries Unity Catalog tables directly in Databricks,5,DirectQuery and Import modes; Fabric live connections,4,Always live; queries run directly in cloud warehouse,5,Direct warehouse queries; no data copying,5,Direct warehouse queries; Python/SQL execution in warehouse,4
,Third-Party Data Source Connectors,"Connect to SaaS apps, APIs, databases beyond warehouses",API connectors for popular SaaS tools and databases,3,,,Limited; primarily Snowflake-native with Informatica connectors,2,Via Unity Catalog foreign tables; Glean partnership for discovery,3,"300+ connectors across databases, cloud platforms, APIs, streaming",5,Warehouse-first; relies on warehouse for third-party data,3,Warehouse-first; dbt integration for transformation logic,3,Python-based connections; arbitrary SQL/Python for data access,3
,dbt / Transformation Integration,Integration with dbt or similar transformation frameworks,dbt integration for semantic layer and transformations,3,,,Limited dbt integration; semantic views serve similar purpose,2,Unity Catalog metadata; no direct dbt integration,2,Power Query for transforms; dbt via Fabric integration,3,Bi-directional dbt integration for transformation logic,5,Bi-directional dbt integration; leverages dbt transformation logic,5,Deep dbt MetricFlow integration for semantic models,5
,Embedded Analytics,Embed dashboards and analytics into external applications,Embeddable AI analytics widgets and dashboards,3,,,REST API-first; embed conversational AI into custom apps,4,Genie Conversation API for embedded NLP; OAuth support,4,Enterprise embedded analytics with RLS; Power BI Embedded,5,Embedded analytics with secure sharing and permissions,4,Strong embedded analytics security; purpose-built for embedding,5,Share as Data Apps; limited enterprise embedding,3
,Real-Time / Streaming Data,Support for real-time data streams and event-driven analytics,Near real-time refresh with streaming data support,3,,,Snowflake Streams for near-real-time; Cortex processes on refresh,3,Delta Live Tables for streaming; real-time data pipelines,4,Fabric streaming integration; real-time dashboards,5,Live warehouse queries; near real-time via warehouse refresh,3,Warehouse-dependent; near real-time via warehouse refresh,3,Limited streaming support; batch-oriented workflows,2
AI & Natural Language Querying,,"AI-powered analysis, text-to-SQL, and conversational analytics",19%,23,,,16%,18,15%,20,15%,24,17%,24,16%,22,20%,24
,Natural Language to SQL,Convert plain English questions to accurate SQL queries,NL-to-SQL with semantic understanding and context awareness,4,,,Cortex Analyst: ~90% accuracy with semantic views; compound AI approach,5,Compound AI NL-to-SQL; good accuracy with curation,4,Copilot DAX/SQL generation; non-deterministic outputs,4,Ask Sigma: grounded in semantic model; connects to trusted content,4,AI-powered NL queries grounded in semantic layer,4,Magic AI: generates SQL and Python from natural language,4
,AI-Generated Insights & Summaries,Automatically surface key findings and anomalies,Proactive insight generation with trend detection,4,,,Limited; focused on answering questions vs. proactive insights,2,Answers questions; limited proactive insight surfacing,3,Copilot narrative summaries; Quick Insights feature,4,AI-powered discovery; suggests related content and findings,4,AI suggestions based on semantic model context,3,Notebook Agent generates exploratory analysis and insights,4
,Conversational Context / Multi-Turn,Maintain context across a conversation for follow-up questions,Multi-turn conversations with full context retention,4,,,Stateless processing; no conversation context retention,2,Context window constraints; older chat context excluded,3,Copilot retains report context; limited multi-turn,3,Conversational AI with session context,4,Session-based context; limited multi-turn depth,3,Notebook Agent maintains analysis context across cells,4
,Semantic Model / Business Logic Layer,AI grounded in governed metrics and business definitions,Semantic layer with governed metrics and business rules,4,,,Semantic Views: schema-level definitions bridge business and SQL,5,Unity Catalog metadata + space-level knowledge base,4,"Semantic Models: centralized, reusable governed data models",5,Layered semantic layer with YAML-based code representation,5,Built-in governed semantic layer with metrics and joins,5,"Semantic Model Sync from dbt MetricFlow, Cube, LookML",4
,Auto-Visualization Generation,AI automatically selects and creates appropriate chart types,Smart chart recommendations based on data and query context,4,,,Chat-centric; limited native auto-visualization,2,Auto-generates visualizations within dashboard context,3,Copilot generates full report pages with appropriate visuals,5,AI Builder creates dashboards from plain-language requests,4,AI-suggested visualizations based on semantic context,4,Magic AI creates charts; limited to notebook visualization types,3
,Code Generation (SQL/Python/R),AI assists in generating analysis code beyond just queries,SQL generation with optimization suggestions,3,,,SQL-only scope; no Python/R generation,2,SQL generation; notebook integration for Python,3,DAX and M formula generation via Copilot,3,SQL and formula generation; AI Query in warehouse,3,SQL and formula generation,3,"Full SQL, Python, R code generation and debugging via Magic AI",5
Visualization & Dashboards,,"Chart types, interactive dashboards, and visual analytics",10%,12,,,9%,10,10%,13,13%,20,10%,14,10%,14,11%,13
,Built-in Chart Types & Library,Variety and quality of out-of-the-box visualizations,Standard chart library with AI-optimized layouts,3,,,Minimal native charting; chat-centric interface,2,Integrated dashboard visuals; standard chart types,3,Extensive built-in visuals; custom visual marketplace,5,"Large, beautiful out-of-the-box visualization library",4,Large visualization library with advanced editor,4,"Notebook-based charting; Plotly, Matplotlib, Altair support",3
,Interactive Dashboard Design,Create and customize interactive dashboards with filters,Drag-and-drop dashboard builder with AI assistance,4,,,Limited; primarily conversational not dashboard-oriented,2,Companion Genie for published dashboards; standard dashboarding,4,"Enterprise-grade interactive dashboards; drilldown, slicing",5,Interactive dashboards with drilldowns and filters,4,Dashboard-centric approach with KPI monitoring,4,Notebook-based; Data Apps for interactive outputs,3
,Custom / Coded Visualizations,Support for custom-coded or JavaScript visualizations,Limited custom visualization support,2,,,REST API allows custom front-end development,3,Notebook-based custom visualizations available,3,Custom visual SDK; marketplace for third-party visuals,5,No custom-coded visualizations or JavaScript integration,2,Custom visualization editor; limited JavaScript,3,Full Python visualization libraries; custom HTML/CSS support,5
,Mobile & Responsive Design,Access dashboards on mobile devices with responsive layouts,Responsive design with mobile-optimized views,3,,,"Mobile via chat interfaces (Slack, Teams)",3,Mobile via Slack/Teams integration; limited native mobile,3,Dedicated mobile app; responsive design; touch-optimized,5,Responsive design; mobile-friendly dashboards,4,Responsive design; limited mobile optimization,3,Limited mobile support; desktop-oriented workspace,2
Collaboration & Sharing,,"Team collaboration, sharing, and distribution capabilities",13%,15,,,11%,13,14%,19,13%,20,16%,23,14%,20,18%,22
,Real-Time Multi-User Editing,Multiple users editing the same analysis simultaneously,Real-time collaborative editing on dashboards,3,,,Chat-based; no real-time co-editing of analyses,2,Shared Genie spaces; limited simultaneous editing,3,Workspace collaboration; limited real-time co-editing,3,Live Edit: real-time simultaneous editing like Google Docs,5,Real-time multiplayer collaboration,5,Real-time multiplayer editing with versioning,5
,Slack / Teams Integration,Native integration with messaging platforms for sharing,Slack and Teams integration for alerts and sharing,3,,,"REST API integrates into Slack, Teams, Streamlit",4,"Teams, Slack, Confluence integration; multi-channel access",5,Deep Teams integration; embedded reports in Teams,5,Slack and Teams notifications and sharing,4,Slack integration for notifications and sharing,3,Slack integration for sharing analyses and alerts,3
,Scheduled Report Delivery,Automated email/Slack delivery of reports on schedule,Scheduled delivery of dashboards and reports,3,,,Limited; API-driven scheduling possible,2,Dashboard scheduling and alerting available,4,Enterprise subscriptions; scheduled refresh and delivery,5,Scheduled delivery of reports via email,4,Scheduled report delivery and alerts,4,Scheduled notebook runs; report distribution,4
,Comments & Annotations,Inline commenting and discussion on dashboards and data,Inline comments on dashboards and data points,3,,,Limited annotation; chat-centric interaction model,2,Chat-based discussion; limited dashboard annotations,3,Comments on reports; limited inline annotations,3,Rich inline comments and feedback on reports,5,Commenting and discussion on analyses,4,Inline commenting; notebook cell-level discussion,5
,Version Control & History,"Track changes, rollback, and version management",Version history with rollback capability,3,,,Semantic view versioning via Snowflake schema management,3,Notebook versioning; Unity Catalog lineage,4,Deployment pipelines; Git integration for semantic models,4,YAML-based code representation versioned in Git,5,Version tracking for models and analyses,4,Full versioning with change tracking and history,5
Self-Service Analytics,,"Ad-hoc analysis, data exploration, and business user accessibility",13%,15,,,9%,11,10%,14,12%,19,13%,19,13%,18,11%,13
,No-Code Data Exploration,Point-and-click exploration without writing code,Intuitive point-and-click exploration with AI guidance,4,,,Conversational exploration; no traditional point-and-click,3,NL-based exploration; ask questions in plain language,4,"Rich point-and-click exploration; drilldown, filtering",5,"Point-and-click, formulas, SQL, AI all in same interface",5,Point-and-click UI with multiple analysis methods,5,AI-assisted; but code-oriented approach may challenge non-technical users,3
,Ad-Hoc Query Builder,Build custom queries without SQL knowledge,Visual query builder with AI suggestions,4,,,Natural language is the query builder; no visual builder,3,NL query interface; dashboard ad-hoc questions,4,Visual query builder; Copilot DAX generation,4,"Multiple methods: SQL, Excel formulas, point-and-click, AI",5,"SQL, spreadsheet formulas, point-and-click available",5,SQL/Python/R code cells with AI assist; technical audience,3
,Calculated Fields & Metrics,Create custom calculations and business metrics,Custom metric builder with formula support,3,,,Via semantic views; limited ad-hoc calculations,3,Unity Catalog metrics; SQL-based custom calculations,3,DAX formulas; semantic model measures; Quick Measures,5,Excel-like formulas and SQL-based calculations,5,Formula-based calculations with semantic governance,4,Full Python/SQL for calculations; MetricFlow metrics,5
,Drill-Down & Cross-Filtering,Interactive drill-down and cross-filter capabilities,Interactive drill-down with AI-powered drill suggestions,4,,,Limited; conversational follow-up (but stateless),2,Dashboard drill-down; limited cross-filtering,3,"Advanced drill-down, cross-filtering, drill-through",5,Interactive drilldowns and cross-filtering,4,Drill-down and filtering capabilities,4,Notebook-based exploration; limited dashboard drill-down,2
Data Modeling & Governance,,"Semantic layers, data governance, and compliance",14%,17,,,20%,23,18%,24,15%,24,14%,20,15%,21,12%,15
,Governed Semantic Layer,"Centralized business logic, metrics, and definitions",Semantic layer with governed metrics and business rules,4,,,Semantic Views: schema-level definitions at Snowflake layer,5,Unity Catalog: single governance layer across all data,5,Semantic Models: centralized reusable governed data models,5,YAML-based semantic layer with Git versioning,5,Layered modeling approach balancing governance and flexibility,5,"Syncs external semantic layers (dbt, Cube, LookML)",4
,Row-Level Security (RLS),Enforce data access at the row level per user/role,Row-level security with role-based policies,3,,,Inherited from Snowflake RBAC and masking policies,5,Unity Catalog automatic permission enforcement,5,Comprehensive RLS at semantic model layer,5,Role-based access with workspace permissions,4,Granular permission levels by role; embed-ready security,5,Growing governance features; team-based access control,3
,Data Lineage & Impact Analysis,Track data flow and understand downstream impact of changes,Data lineage tracking with impact analysis,3,,,Snowflake native lineage and access history,4,Unity Catalog lineage visibility and auditability,5,Fabric data lineage; sensitivity labeling propagation,4,Model lineage via YAML code representation,3,Semantic layer lineage tracking,3,Limited lineage; notebook-based dependency tracking,2
,Data Classification & Sensitivity,Tag and classify data by sensitivity level,Data classification with sensitivity tagging,3,,,Snowflake data classification and object tagging,5,Unity Catalog data classification and masking,5,"Sensitivity labels; GDPR, HIPAA compliance",5,Workspace-level permissions; limited classification,3,Role-based access; limited data classification,3,Limited data classification features,2
,Metric Store / Definitions,Central repository for metric definitions and calculations,Central metric store with versioned definitions,4,,,Semantic Views serve as metric definitions,4,Unity Catalog metric views and materialized views,4,Semantic model measures; shared datasets,5,Governed metrics in semantic layer; shared definitions,5,Governed metrics within layered semantic model,5,MetricFlow sync; external metric store integration,4
Enterprise Features,,"Security, scalability, deployment, and administration",15%,18,,,19%,22,16%,22,16%,25,13%,18,13%,18,12%,14
,SSO / SAML / SCIM,Enterprise identity management and automated provisioning,SSO/SAML with SCIM automated user provisioning,4,,,Snowflake SSO/SAML/SCIM; enterprise identity management,5,Enterprise OAuth; SSO/SAML via Databricks platform,5,Azure AD SSO; enterprise identity via Microsoft ecosystem,5,SSO/SAML; SCIM locked behind premium plans,4,SSO/SAML support; enterprise authentication,4,SSO/SAML support; growing enterprise features,3
,Audit Trails & Compliance,Comprehensive logging and compliance certifications,Full audit logging with compliance reporting,4,,,"Snowflake audit trails; SOC 2, HIPAA, PCI compliant",5,"Unity Catalog audit; SOC 2, HIPAA, GDPR compliant",5,"Full audit trails; GDPR, HIPAA, SOC 2 certified",5,"SOC 2, HIPAA, GDPR compliance; audit logging",4,"SOC 2, HIPAA, GDPR certified; audit logs",4,Growing compliance; SOC 2 certified,3
,Scalability & Performance,Handle large datasets and high concurrency,Scalable architecture with intelligent query optimization,4,,,Snowflake compute scaling; warehouse auto-scaling,5,Databricks compute scaling; serverless SQL warehouses,5,Premium Capacity scaling; Fabric compute,5,Warehouse-native scaling; intelligent caching,4,In-memory speed with warehouse scale; intelligent cache,4,Performance limitations with million-row datasets,3
,On-Premises / Hybrid Deployment,Support for on-premises or hybrid deployment models,Cloud-native with hybrid deployment options,3,,,Cloud-only; no on-premises option,2,"Cloud-only on AWS, Azure, GCP; no on-premises",2,Power BI Report Server for on-premises; hybrid support,5,Cloud-only; no on-premises option,2,Cloud-only; no on-premises option,2,Cloud-only; no on-premises option,2
,API & Developer Extensibility,APIs and SDKs for custom integrations and automation,REST API with webhook support and SDK,3,,,REST API-first design; easy integration into custom apps,5,Genie Conversation API; enterprise OAuth; SDK,5,Comprehensive REST APIs; Power Automate integration,5,API endpoints for data models; MCP protocol support,4,API for embedded analytics and integrations,4,API access; notebook automation; limited enterprise API,3